<!DOCTYPE suite SYSTEM "http://testng.org/testng-1.0.dtd" >
<suite name="Sample Test Suite" verbose="1" >
  <test name="Method Test Cases" >
    <classes>
       <class name="com.AxisRevamp_Automation_smoke.AxisLoginingScreen_Smoke">
        <methods>
        <include name="AxisLoginE2E_NewFlow" />
        
        
    <!--     <include name="AxisLoginE2E_FreechargeE2ENegative" />
        <include name="AxisLoginE2E_FreechargeE2EFlow" />
         -->
      </methods>
       </class>
    </classes>
  </test>
</suite>

 <!-- 
<class name="com.AxisRevamp_Automation_smoke.BharatQR_smokeNegative"/>
    <class name="com.AxisRevamp_Automation_smoke.Insight_OCL_Approval"/>
 -->