<?xml version="1.0" encoding="UTF-8"?>
<!DOCTYPE suite SYSTEM "http://testng.org/testng-1.0.dtd">
<suite name="Suite">
  <test thread-count="5" name="Test">
    <classes>
    
    <class name="com.AxisRevamp_Automation_smoke.AxisLoginingScreen_Smoke"/>
    <class name="com.AxisRevamp_Automation_smoke.BharatQR_smokeNegative"/>
    <class name="com.AxisRevamp_Automation_smoke.Insight_OCL_Approval"/>
    
    
  <!--     <class name="pack1.FnTest"/>
      <class name="com.MainFrameWork.support.HtmlReportSupport"/>
       <class name="com.OneView_Automation.smoke.Temporary_LimitReduction_Smoke"/>-->
   <!--     <class name="com.OneView_Automation.smoke.CardActivation_Smoke"/> -->
     <!-- <class name="com.OneView_Automation.smoke.CardCancellation_Smoke"/>
       <class name="com.MainFrameWork.dataDriver.ReadExcel"/>--> 
     <!--  <class name="com.OneView_Automation.smoke.PermanentLimitEnhancement_Smoke"/>
      <class name="com.OneView_Automation.smoke.ReActivate_Smoke"/>
      <class name="com.OneView_Automation.smoke.CardHotlistingwithCardReplacement_Smoke"/>
      <class name="com.OneView_Automation.smoke.Temporary_VIPNormalFlagUpdation_Smoke"/>
      <class name="com.OneView_Automation.smoke.PINUnblockingRequest_Smoke"/>
      <class name="com.OneView_Automation.smoke.TemporaryLimitEnhancement_Smoke"/>
      <class name="com.OneView_Automation.smoke.CardReplacementWithFee_Smoke"/>
      <class name="com.OneView_Automation.smoke.CardBlacklisting_Smoke"/> -->
    <!--   <class name="com.OneView_Automation.smoke.CallLoginingScreen"/>
      <class name="com.OneView_Automation.smoke.CallLoginingScreen"/> -->
      
      <!--  <class name="com.MainFrameWork.accelerators.TestEngine"/>
      <class name="com.OneView_Automation.smoke.InternationalAuthLimit_Smoke"/>
      <class name="com.OneView_Automation.smoke.PermanentLimitReduction_Smoke"/>
      <class name="com.OneView_Automation.smoke.VIPNormalFlagUpdation_Smoke"/>
      <class name="com.OneView_Automation.smoke.FnTest"/>
      <class name="com.OneView_Automation.smoke.ReplacementWithFee_Smoke"/>
      <class name="com.OneView_Automation.smoke.CardCancellationWithFullRefund_Smoke"/>
      <class name="com.OneView_Automation.smoke.CardCancellationWithRefund_Smoke"/>
      <class name="com.OneView_Automation.smoke.CardHotlisting_Smoke"/>
      <class name="com.OneView_Automation.smoke.LoginPage"/>
      <class name="com.OneView_Automation.smoke.CardReload_Smoke"/>-->
    </classes>
  </test> <!-- Test -->
</suite> <!-- Suite -->
