<?xml version="1.0" encoding="UTF-8"?>
<!DOCTYPE suite SYSTEM "http://testng.org/testng-1.0.dtd">

 <suite name="ONEVIEW_PLUS" thread-count="3" parallel="methods" >
 
<!--  <test name="Test1"  enabled="true" preserve-order="true">
<classes>
<class name="com.OneView_Automation.smoke.Authorization_Smoke"/>
<class name="com.OneView_Automation.smoke.CardActivation_Smoke"/>
<class name="com.OneView_Automation.smoke.CardCancellation_Smoke"/>
<class name="com.OneView_Automation.smoke.Hotlisting_Smoke"/>
<class name="com.OneView_Automation.smoke.CashLimitChange_Smoke"/>
<class name="com.OneView_Automation.smoke.InternationalauthLimit_Smoke"/>
<class name="com.OneView_Automation.smoke.LanguagePreferenceChange_Smoke"/>
<class name="com.OneView_Automation.smoke.PermanentLimitenhancement_Smoke"/>
<class name="com.OneView_Automation.smoke.temporary_VIPNormalFlagUpdation_Smoke"/>
<class name="com.OneView_Automation.smoke.TemporaryLimitEnhancement_Smoke"/>
<class name="com.OneView_Automation.smoke.VIPNormalFlagUpdation_Smoke"/>

</classes>
</test>
-->

</suite> 