<!DOCTYPE suite SYSTEM "http://testng.org/testng-1.0.dtd" >
<suite name="Sample Test Suite" verbose="1" >
  <test name="Smoke Suite Axis Insight" >
    <classes>
       <class name="com.AxisRevamp_Automation_smoke.AxisLoginingScreen_Smoke">
        <methods>
        <include name="AxisLoginE2E_MAOPS_DCC" />
        <include name="AxisLoginE2E_MAOPS_USD" />
         <include name="AxisLoginE2E_MAOPS_FUEL" />
        
      </methods>
       </class>
    </classes>
  </test>
</suite>